Distancia_km,Volumen_toneladas,Costo_por_km,Tiempo_horas,Demanda_destino,Frecuencia_uso,Estado_carretera,Peajes_dolares,Costo_total_dolares
405.81311290499434,14.265072566375158,0.7776993932579295,5.704036021692616,33.55351153623154,19,1,15.609818410880184,4812.1943063151375
953.1785910894204,11.185830960538288,1.3128514210675373,13.864231822404806,32.22809191647998,15,1,0.7871456497838492,14024.649138672548
745.3942447208349,6.8810247094402275,1.8094187538146125,17.94464930065949,91.5629122468933,15,1,0.8574890957599057,9239.916191659015
618.7255599871847,16.462105374432024,1.5983373296143417,10.231118537181361,32.45915798645555,4,1,45.83016508212055,16454.562110532363
198.2177084203147,14.009892278523706,1.7098417217921746,3.1557431379275096,34.47547535157679,7,0,35.307925105952705,5069.812651574413
198.1947943193925,4.089721847552934,1.488175050066076,3.100215191753744,78.34584361761674,13,0,15.447799503407634,1333.6620859599304
105.17943155978949,18.307616505383006,1.5384148467767786,1.4059477410727486,50.4765858205486,3,0,6.632228880047658,3056.505735667585
872.8673384861884,16.628207615540212,1.7737934773479789,12.120438325364152,79.9039501259663,16,1,25.581785894753857,26142.45121953394
621.0592611560484,19.046198352546558,0.8745020132887789,8.121149404972424,15.882954180794671,9,1,0.26730804271822284,10229.84307868177
722.6689489062433,14.78867065937884,1.2341374454647107,8.413595812785374,53.88140743060459,8,1,46.9206871929072,13496.642175701296
69.55526958101233,12.654888722780008,0.8318141627294033,0.7834640681822791,13.025224016495436,13,0,20.74075596944736,953.6305857089363
971.4143595538947,8.946617689521759,1.9815020119949704,11.691478369902503,15.638788310981907,17,1,20.116747761866637,17531.770370464546
840.8205087604007,18.72184118372625,1.91608900952992,8.638736531117935,91.57937080099698,17,1,19.529680379089108,30489.282649170607
251.72215514436235,17.455213900507758,0.5591402170527588,6.125527596110431,22.532083400583566,17,0,3.466416519388238,2380.5411794122324
222.73371884674557,1.8591547320175987,1.5583627587735327,4.304309427080007,57.91786140476954,1,1,31.91611198959133,686.5688137412349
224.23428436076213,1.500972515447788,1.8878724761234986,5.542975858877725,46.99860423406359,8,1,36.65018098141767,875.8472137224151
339.0301308115608,8.152803970682942,0.7708630176910003,4.299767332995337,41.26089936329584,19,1,33.806269879414515,2842.5462484848604
548.518610050626,16.400513284854824,1.3519178458289443,5.842649135522497,90.98500111185452,6,0,6.921774666469716,12189.856841648785
460.34776771001,19.758246456983944,1.8732324463820627,8.429897857411122,11.964105709794055,3,0,28.942008401779628,17172.26247821318
326.6676831881398,3.8579209309670355,0.5509189678786983,3.4162372139198744,69.74107175580302,5,1,28.474224208612693,892.1886575877201
631.2602499862605,12.288483591690568,1.5461304008702599,14.47312045124225,96.70549907921954,13,0,43.4205393970691,12612.321696407567
182.51916761943974,8.236926275989408,0.9460235110588262,1.899931927785191,60.41513651156578,15,1,18.95638291878235,1678.274246631135
327.53741610845725,19.42837355847746,1.8865942930647956,5.360909366477837,94.31402158297827,14,1,18.574297182971712,12236.45929981842
398.0437511290071,17.000259539578465,1.9565873677480516,8.63711824629548,14.703209135742139,16,1,30.92635293590928,13723.500492939114
483.26648500618415,16.92824538951162,1.9163997336701508,6.988436338518304,47.69139871667453,18,1,31.65363267497565,16279.363006670763
795.917163323363,9.905170036104435,1.2113213249861956,14.36502598255824,33.414201186584606,11,1,23.46426136628952,9782.259787733532
239.69009305044176,8.881570544415638,1.7930639764839702,4.198285616153202,75.77388684826568,3,0,22.152968116521055,3877.614250488154
538.5227164929311,6.194734366683418,1.7668240978026055,9.215378094952598,98.31673814475221,10,1,24.707383531894134,6154.8878669613905
612.7938404189404,2.071134436367615,0.9786507098648835,6.94922932887551,33.0877056199823,10,1,43.05226497516559,1627.3604203002378
94.12789208399784,17.42972514884601,1.743373211226016,1.3010133079617314,68.8757141326667,16,1,23.0583450626955,3180.7467963628765
627.1676093063664,16.445119173471475,0.5555114520732389,10.688208048936508,27.82878694837661,12,0,46.99658959849112,6285.505491686072
211.99791750292695,19.99463579243648,1.3944048177230797,2.7668734377586177,60.879722911444894,2,1,25.2001881798163,5959.741949054458
111.79901333601555,19.9360999044042,0.8450132559315546,1.3474786827120093,51.75392380195026,9,1,47.46003465904457,2332.2308039560376
951.4412603906666,11.553202406449921,0.6808503286659182,16.882265405377602,97.48047966683833,3,0,41.64159509345379,7642.557643443578
967.3504314208313,15.610760888429699,0.6154298024438137,14.925265548874366,64.76745454268199,15,0,18.121566130791457,9510.522742764144
817.9774807106381,18.950548867766134,1.5444331638172097,17.288580680107547,41.455573487813695,3,0,43.1820710648308,24029.38920099966
339.38308071470215,17.14330042287082,1.0098124456520992,6.67171245941058,20.268620639914005,19,1,5.503164210055761,5931.2588592559105
142.78850830606467,5.699613933120755,1.5871501572931421,1.7657188039616518,23.612214586144113,18,0,46.252358767150724,2194.8501142659907
700.021375186549,9.560338570891776,0.5980345111984136,13.756578162137709,30.27852369561116,8,0,31.582175754144583,4248.954770173968
468.14486905262123,3.4540288878784047,0.9729355067459156,6.546583115625909,32.58699952062682,17,1,2.719537426115559,1620.2615984050963
165.9363231025399,19.126969517915725,1.3092369385630058,2.0103070400601206,86.5554452057024,8,1,32.21283618254058,4415.924840261757
520.4180646057066,12.51731805456672,1.6860847472584453,11.212857975812817,60.510050945427245,7,0,48.71238270723781,11288.761245228787
82.66909505945748,5.344213304565792,0.9781287543981049,1.1165654990477158,57.10518202369298,7,0,3.4900327307314463,534.7822385039302
913.8543819748429,13.762313003711277,1.4388370646555138,16.497422563996228,20.32919846822957,3,0,27.734385489004314,18199.648606215687
295.84098252001604,12.74443656870002,1.8289666223542806,3.0257134157751775,87.41257240144915,1,0,37.389717487968625,6935.170816865281
679.3961701362829,7.805091642623969,1.423794782273457,9.844503810720015,75.05328728876353,4,1,40.51292933497657,7656.8157803678105
346.1255222849404,3.1575942517929514,0.8494392121304506,3.9172393995450157,16.090152571000143,5,0,20.691373266039793,973.7327088794193
544.0646201189203,13.759890716263193,0.536601172334807,7.451552529757055,73.70515875067917,1,0,10.20832795841215,4011.9040570879124
569.3747653761156,10.885846317172073,1.8051483108513948,13.364114072529063,58.918439560838145,15,1,2.117113938619192,11185.29414670574
225.61173274925068,15.674049442977147,0.5319041162755807,2.8928630189506994,17.355281117210044,5,1,28.986307854861238,1972.5049627714816
971.1053963763306,10.883106521127875,1.812052509026299,10.002713016648354,51.247057737579084,13,1,22.64555351338054,19426.78121514774
786.3761821930589,17.19144850605226,1.293405701040818,10.333905242019696,53.622665841704226,8,1,47.43721975748555,17854.157722791457
942.5239944859796,11.486229936715226,1.9086015477693443,10.57218078444926,24.91970861469482,8,1,3.030245385745489,20693.941908219185
900.0859829062664,11.65782145917234,1.6981748536604981,9.672895066724097,95.11283323002542,5,1,34.269767172300284,17965.172392930537
618.0049798705309,17.656418450508557,1.9969011658000062,11.511733998940567,86.49778343325957,9,1,1.2483111060028584,21750.55010528876
925.780523271961,8.666174458035544,1.0260677231775652,17.559432501355246,70.21201035961974,1,1,8.571708835527136,8192.041894095943
134.06787694932353,3.546289340562174,1.6507824333966903,1.7488895363070436,51.606600490054646,4,1,22.678949996141707,936.2181861515239
236.18371929818795,1.5468708499534405,1.1028963704138632,3.652605628821755,47.05889874260576,3,0,22.74362214014341,408.58144028695114
92.96592446501117,15.347607857798762,1.2198134304558632,1.028478797440949,68.58761204358588,2,1,34.2850271466822,1827.1645253815473
359.0638142251011,12.78588147571583,1.4412581948275551,3.8197714325467267,59.088868246621495,8,0,45.51065174338783,7006.803050768318
419.2434252050079,14.377515593885247,1.810515671279508,6.849791493677765,15.604579529369705,9,1,31.95160794574604,11194.707777771402
307.7815801852011,5.046319068669304,1.9761252037989427,5.677345501118299,56.12523838932985,2,1,47.67675489257544,3252.9916015234676
837.3006336943329,3.5910580361486257,1.6524101207967772,9.642817820608549,82.57632555095556,14,1,44.08078199389988,5610.675666480775
388.9156603589098,1.2763486476897565,1.1266501732510006,6.884881162671888,51.33158898372623,14,0,29.224989776539513,1060.5551163595348
316.88778420301173,7.661163617325343,1.1320355034156053,3.546317399204983,14.676091979884157,4,1,41.68959754594137,2882.4807954070816
565.5612790003361,12.208436050238028,1.6063734523833373,8.644514657862633,80.76503794456298,6,1,32.1288805161817,11252.472202623932
183.8780137260245,8.452636856894914,0.8581657186524535,2.2969536132986117,28.122740392237695,11,1,3.9278915461863573,1403.3912310352805
812.0871317163377,9.312023518450852,0.665711169697092,17.757478824317914,33.275875139923485,3,1,37.028236162975496,5132.2354382164485
120.82311149578229,18.17901519538122,1.0319332364611649,1.5603858724563404,24.823571808906628,8,1,4.745422063367311,2388.8314308882636
987.5425897704914,7.6168538734427065,0.9308584874811225,14.716146039755007,39.71935583843478,3,1,29.70413902848562,7108.084819362283
783.6325308318245,10.765800294036405,0.9444621806839851,10.421129303168636,78.10763551197715,14,1,35.132010292911446,8407.509765029194
238.7798974574638,15.889407242081719,0.8504116265748649,4.767888039162459,56.744727355354364,13,1,3.326380410542762,3182.9242425090515
55.246011267422276,8.534312864104134,0.5631397844545428,0.6560315947014809,28.43931467356413,13,0,11.539732696326588,411.61753919045964
824.6883570320924,12.819647304329596,0.5268109021001207,8.986683079326799,89.00470703368367,2,1,45.78361161308249,5656.66859445299
721.5144766552363,17.38491046618816,1.9815835846040473,13.612353690058567,89.16236694563763,13,1,30.815724611644818,25272.216215387474
742.5568096389379,19.0408918494952,1.1416597006037934,16.23327866315521,88.35205825414062,19,1,12.314300940526579,16436.368711355986
782.7068293516485,3.794396137651721,1.0764899707395226,18.897601852598143,31.491659024338535,6,0,34.53398855740033,3458.226913271953
120.34241914738584,18.605164878068393,1.5194709240396047,1.5326673454888418,50.61154097628893,16,1,29.83882099808448,3850.557124372287
390.54244211705895,10.350209568511225,0.8273808317975963,5.110096965521372,98.64906905267875,2,1,25.07878499589742,3329.9021890398312
160.07560654887322,5.906643377680209,1.924941775925338,2.198785031757476,79.48112286789913,8,1,48.80934874940419,2148.819510426651
869.9482545818139,9.723579368526964,1.679517521623328,16.135005023143226,12.445067910300384,17,1,34.172688870375445,14751.152647578514
642.13322048618,19.620618930424065,0.6341165034683893,10.119607588387229,15.868413213444285,2,1,18.772055483395633,8008.473841304433
364.3531236100167,10.359743785864522,1.1263711636773925,4.815117755278588,51.75382391310995,10,1,40.0036716038434,4666.89605847201
110.38043277172245,7.246280595462656,1.818677461343247,1.5812453734279592,91.82981852754041,16,1,44.22916464605939,2122.2830355021165
345.43320562987907,13.03461623201779,1.9170980334371155,3.479834678500437,58.48316181574428,6,0,6.2610279758415714,8683.490799732977
358.9241559254097,5.562766756785669,1.2011022668748046,7.448663243419382,54.80312572308612,2,1,10.027648892263324,2436.2917389916106
743.1258694211608,2.4414032340646146,1.4201170838160615,9.094822372313304,19.492632996096752,2,1,10.811350456388984,2605.2655759950367
655.6795977874525,3.4487147163023355,0.7505509191381128,10.203680593279596,69.11020942518647,13,1,34.56059046932702,2090.041201737926
892.8521054475102,3.4328709401976765,1.9867529392054648,13.59149393338124,83.9892844540203,15,1,30.151977752664166,6565.160244603412
498.60417890385185,3.8861511767335926,0.8475075520751651,6.003238582415171,44.23780067568061,2,1,30.949578234929408,1808.1366772401645
163.61453364138663,3.6377162803387924,1.9140976612026885,2.0064036789018678,79.80506658327947,7,0,47.03866498447505,1480.8043682693256
727.5825478618452,13.176620151261078,1.4744699734885527,7.3141987184128014,96.80289885107304,3,0,38.7955766403653,14104.592890171254
772.7457961860525,4.4557216035837515,1.4116051923182886,16.198879474524443,28.338981321492017,8,0,6.396846225589159,4973.573245291655
583.2133376910214,7.567678383153401,1.269032766524763,12.61095092367797,57.09966680752672,14,0,17.37535412125905,5809.083745158758
782.418820956833,18.038979788214224,0.8460047175766381,9.374739233258035,35.8424162276118,7,1,21.76968230878678,12206.215548135186
519.1058165461711,10.005271164994575,0.7647920480082624,6.948908643416763,81.35689771304554,7,0,19.798079437380245,4116.577428998603
546.5961879128944,13.683597031899517,0.830729313605263,9.682899447631158,61.98340292930418,1,1,33.46543045809396,6162.58886427324
456.1639674406222,4.274077552830967,0.7796573932163817,10.190155595119572,67.11241757952735,17,1,44.594655162828126,2174.95682506242
74.14817040689043,4.653491357364745,1.66937671035013,1.6426451037315708,81.81227436543047,9,1,15.3025731761394,790.7250751081705
152.4968556436392,1.7765037090630984,1.0251878887500951,1.6283447998465916,45.63734253962094,13,1,27.593856821059283,691.7502995551336
79.85772640239753,4.209766198371126,0.5867640148450946,1.5502730469167125,92.3581061566339,19,1,39.47047109567928,1058.4996047883908
654.5898907005914,6.293216441607214,1.953653945211217,11.019606308633493,57.9725980521526,19,0,20.810902942267468,8443.983651483195
348.63818202251036,4.3631992012581895,1.8256788274451385,6.504518431655507,24.21593405518132,17,1,8.405906419964793,2917.256085360255
533.1421566064676,2.6853481413840568,1.8916284247928195,8.697293382745094,72.63092063519221,10,0,23.74754826318741,2926.531559437676
912.1881502297883,3.2920815509114156,1.9923617339696529,20.65389465392229,81.3935215394429,10,1,2.7611260371514232,5977.754613036834
286.8276176914312,9.75479659262179,0.760842873829231,4.031672114860493,38.5085509360774,4,1,47.11917270011384,2297.651779222688
439.86377688384823,4.920340649710058,1.094363028353988,9.984026029824454,87.14613312988777,8,0,3.741060259748652,2409.3092497426733
767.7735816158962,7.9211273599134335,1.637357713556137,8.72257956301333,91.55289292891898,18,0,21.92283576252891,10310.223600367328
267.35825721704134,10.56492814624228,1.5440309270806885,4.948996142633623,34.921403864002805,14,1,26.49406305442631,4648.754252076168
123.13091433735335,14.117501743957941,0.7308438595097826,1.700686444157053,98.51693254436998,18,1,49.26519161436428,2165.193817964503
325.2638802680796,1.7469306569808798,1.7237496874859266,3.5048194936471275,22.664037524388256,14,1,8.30109118214304,1052.3632432198667
203.1602228913042,16.18879757927181,0.836660857754991,2.5699358982111695,28.181410156224096,15,1,5.721575930617928,2675.5621505391227
933.2127697254444,12.930107400327248,0.8357264222339347,12.965346046730067,26.580235531422353,4,0,0.43530735312717894,10113.697021683585
817.7143605861961,2.5534216070285662,1.3054616343401204,13.752337944956704,90.45907390070833,13,1,7.778571843465115,2771.482579780563
651.7335686849023,17.59799385802877,1.3894099022625548,10.865827300221785,68.88632970924657,8,1,10.36364895338338,16051.423354336515
877.8875606783319,18.49657561010445,1.3701293117567168,10.950431975193,23.68938549000456,18,1,31.529047079154616,22847.456697151192
813.4884730541587,2.1604812372424114,0.6372302560966323,8.163591045495043,49.62910765315141,12,1,10.98533951957002,1265.952689231166
227.24155594173405,6.26067531479687,1.8161912939455704,2.8508412267204974,65.37682225628218,14,1,1.0260407364662605,2723.0746626713317
897.9310485654789,16.317824316068165,0.8984000638830592,12.222235655988458,17.511767649044497,2,1,41.330917275124435,13239.369516917595
562.3751298198682,15.216934117289508,0.6942723819242063,6.707796186321593,89.41747315666049,18,1,18.27978505019834,6256.077052946122
817.0681474058595,4.505899367771169,1.8331221198034657,12.031218283208133,82.32431818973816,2,0,17.684834329036697,6818.424903166899
901.2867349273185,4.977637143397496,1.93347724734463,20.667665632353728,55.46860962189744,11,1,15.123951458396329,8837.708171589704
352.1033012232707,8.038969953036258,1.793191425898176,4.775071380941803,97.04139537332534,9,1,48.768663857321044,5572.656802757265
154.54932830129292,10.205936718629406,1.714274112087317,1.5858122897772384,47.59848813475897,12,0,8.505770865464074,2742.5889367046657
266.5384044148446,12.746840659075623,1.4828629709585326,5.276089175469351,98.56992871328481,17,1,44.91190319766176,5738.954044926039
455.7523991949435,8.009359151825675,1.3262860559137089,5.5989036388320175,70.11279989232644,15,1,38.840166606994394,5462.214604363936
827.1140276263685,9.78815960652981,0.6304801398671152,15.888921332446227,67.12041459285473,17,1,3.8239977749656537,5111.086783716495
867.6940540935262,15.201947824541374,1.1126798196060481,12.026308110735387,24.935940576620652,18,0,49.33645507504244,15595.469765833064
56.604524004631166,1.69698085492136,1.059032775518471,1.2358907983172382,89.37349824741796,6,1,13.568298176950528,201.63722403995789
535.2099374486875,5.796301942536394,0.8896306756404893,7.985555366075614,48.474071912855365,17,0,4.929146351120616,2808.9175175452638
446.54045299134003,14.553642131806496,1.5851301705328775,5.230660659673418,24.60100652042314,18,1,41.46571170628797,11066.169340759732
261.00241994719374,18.008929916056786,1.243813602618156,4.288973114460348,11.134676797818313,8,0,35.33377668388499,6067.3300689260495
163.87209896699866,10.721871400197656,0.6215693238614719,2.051100909713054,60.37801152745443,9,1,30.86094029389504,1319.8604469396057
370.7344128334466,11.110156220040997,0.830274802924717,4.226001376721033,57.46596599104087,6,1,7.799043184946658,3454.7680741555982
945.7642187168932,3.036268215455745,1.5248881454893939,9.88975845236246,74.74182601322427,5,1,23.924805812798095,4502.429820117642
357.04278541971746,9.500834969645638,0.6141962892354502,6.602302596181423,90.1232247716022,12,1,39.02780134436069,2536.6311554911604
542.8510906561978,11.11972806264544,1.776810371073153,8.48749156537669,17.146592617872656,11,1,15.181196907192012,10914.109808607715
717.8680109504189,5.606939569059864,1.2427197905209615,14.607154004545967,75.83468413063261,1,1,15.584491425752073,5037.007854158986
395.4481222603293,6.115621388038238,1.220879865989972,3.9723963276570404,26.8670749687824,11,0,0.1570453024061058,3030.7851294404736
973.1929785849127,8.16839909898783,1.3886116769892765,10.177707461931535,87.23593478414476,19,1,8.712170082268978,11199.436412175628
964.3249301950057,1.381352757776801,1.7370214488877238,13.319878333726994,83.71571624754905,9,0,43.770281256091714,2767.4999046299454
289.1931810340959,7.119504146080388,1.0217138118532896,3.1947282263041106,58.671437948698994,2,1,22.087324581885355,2193.8298051052498
522.3860805977662,5.017512132934348,1.5170242288385953,7.330964982130128,73.92185187609803,12,0,49.2117249617217,4681.479150063227
335.83439432593116,7.222449691380378,1.3485979459936865,4.338097028209839,38.29151018653735,4,1,19.78539817868963,3343.866417639262
320.59846965859424,3.275480504565773,0.900542405254132,7.069821060673312,52.405110903953315,4,1,35.75932273901206,1067.6915756989044
85.04259998680615,17.920018334058003,1.817944979532737,0.9967928111884312,83.94732079394245,18,1,14.095952145236456,3087.09628127081
629.086117280902,12.278256617526925,1.6961390324103922,13.198679017047024,51.33386774558925,15,0,18.190482057046676,13393.243764129564
527.5450720674185,13.902944063745302,1.4876777519876383,5.8901425966675305,42.20184387928976,19,1,9.536299379544733,11156.540430231107
98.90481368748988,15.994253533539428,1.7758725936413629,1.1378612068023306,54.47912025252699,13,1,17.35311842496975,3070.6987246712997
314.7141410247809,10.470401779652088,1.8009413014397035,3.813575937696079,84.54243271934965,19,1,27.361876021032156,6348.969604885987
912.852591668321,2.65148547366105,1.5625444650725522,21.647160452825876,40.16872426337855,17,1,49.58864404896247,4643.829702883427
277.58379613362376,11.205024294552407,1.755519992545508,4.770489118171145,25.63854338221694,6,1,33.21008565358928,5675.073388823567
187.65012848666194,12.149981242396704,1.5462071925039256,3.363704004572753,74.08126182977027,16,1,9.962297720415702,3691.320303042094
514.9801222636848,15.16335000950227,1.5202111576404507,8.35895631198022,84.33803914372736,12,1,2.2480720795775566,11891.425844633095
986.3679314050706,9.201531378363908,1.4279170673227766,21.794061204477355,19.057373067118,19,1,6.31782406572553,13000.343109173007
279.9525079359254,3.4240257531157114,1.629074959336462,2.909580866493816,31.588670148035025,5,1,28.127760063652367,1745.9212277692507
688.5287700355847,6.391742210175765,0.7379076579396106,9.402516877907747,22.77747907848945,17,0,38.25801644083832,3916.531333812243
773.5386345622817,7.898563631574067,1.8213061387983926,13.261088486457206,41.31472704239499,1,0,47.02096036503735,11230.015410060158
275.7556667927797,13.272427585300424,1.807765291617848,4.3209097238481196,50.53158810148714,10,0,0.7911585998410409,6547.299180205715
741.8055311812666,11.844787788709326,0.5438709245518387,11.099530752881456,77.39437032669758,15,0,26.13800707809349,5196.164534416744
399.39397608329057,7.765837792059079,1.738725125847144,5.252719264548919,68.60328263935068,11,1,23.543367811158838,5640.124062709722
650.6905390639005,19.743789727066613,0.6933048012101678,9.172307811929574,65.8835710730588,13,1,32.8027510987852,9340.579321752102
651.8532252228499,12.509721567780856,1.0026782813887127,6.849822665570161,41.71374519486889,5,0,27.978942723267096,8305.079134384909
558.9859498710206,5.507309042983895,1.6152623844374117,8.006351933449888,85.7302797776284,1,1,34.35195752912403,5034.131134841965
135.7752815516879,2.933866979787671,0.7411398440724624,1.3641715031405313,52.41584506583481,12,0,32.904129237459514,681.9364430878192
843.5373708097761,3.9043236445023086,1.7269505361785933,9.260940482173181,98.11944442136391,11,1,5.85058624289731,5699.373687683836
354.741061723149,5.673196839305654,1.748201266936613,6.755604644309161,67.07279244661632,17,1,39.98589568093598,4202.364291423486
227.19258487986153,4.052946091931558,1.2612016006412543,2.3706463702896965,21.363826740805244,4,1,6.161628785816243,1175.2513380605164
88.73638447702572,4.544773456974809,0.5095788075752503,1.8887321726696746,70.85598058678906,15,0,34.926531260456855,725.2346765879967
611.3482960288297,6.416808205183095,0.9305571997623692,6.865457748260067,39.25936138885291,9,1,20.807268382030337,3678.3621120672747
693.6861437501683,4.294098310600342,1.4253903775636134,11.03938371335873,71.76944770174876,19,1,25.692536728829896,4768.1808513298365
65.75843748146335,18.03854306790208,1.9717792670411352,0.7095331324036066,16.267703334616517,19,1,45.164900718785525,3181.2976961444956
536.4884053843169,2.5244411675712017,1.4477202905250026,5.8261141225258415,25.739329345836346,12,1,44.49418632367433,2427.2185243526865
265.17098643804104,10.96571640183484,0.8897053715962397,3.0011817531279754,87.01635330152077,5,1,40.89281528275148,2837.6684881726997
662.9141508889774,8.79753971280357,1.451008554649417,7.58467162385935,30.44616013211634,10,0,25.507419022816162,8749.194055522501
215.64810755474187,19.66519372126352,1.3099780695737833,3.700160236016899,85.3337012718646,17,1,36.81199050669166,6164.742799087133
706.3908511973426,3.1287391411929946,1.6697680927267153,15.748263939057885,35.134847960896934,5,1,25.644852775940468,3760.9914712459477
417.39857898551054,8.55925638186909,0.6604709582404376,6.503682044968188,67.8593719052837,16,1,43.480304123738875,3064.199115862868
939.8934892998977,19.41993823223201,1.641541853753042,18.64443692149816,72.47355161588479,7,0,20.138791661644994,30109.654350623732
180.6448969386936,17.444635391985624,1.3118998680141654,2.2111552746704075,56.13892778305476,9,1,48.51176722074384,4616.992158399184
374.0130334977456,16.524369348036316,1.944488005788492,6.154973743325389,37.47796090270582,3,1,46.61613791144388,12135.23823519393
157.79984517855962,5.9001537138538565,1.012808249058029,1.6014336386553847,29.13799387339865,15,1,37.080130972589274,1558.9164489234624
928.4589373646346,4.246864160411251,1.4489328397009222,11.833784899388023,12.987041910618359,16,1,13.9707942088036,5909.718731496723
883.4723857119319,13.70422117856419,1.8980421582650262,9.887900579776119,37.355176111665145,18,1,6.58267943966292,23031.3643215375
295.0445463293978,18.65814379342413,0.6537645919860189,6.15298097340414,68.78465114781548,14,0,42.73517250465987,4140.641615397142
676.98484373247,11.578494967264666,1.9058427308546766,7.380924882015799,94.44743366036344,3,1,8.265114306898063,14960.557462348459
826.3610901911551,11.860641099928097,1.53182858345122,8.66520580668432,88.40840340367468,12,1,42.713039449866784,15522.996643278526
577.4407710194893,6.3196027795453995,0.6017555886577579,8.34166109031102,78.94582988817723,9,1,24.538250335618024,2433.1615786296093
553.1680494382061,15.620365730646801,0.9514453504202244,7.242772802493398,80.96026089279688,7,1,20.32783919040521,8358.917874310853
279.75967635542906,4.553831222592944,1.5622581329679224,3.2572392059693973,69.84864131283958,9,1,45.15953894172146,2445.584813244394
138.44762941560424,7.14990549168063,0.6010259022031575,2.742062951846414,33.42581718094027,13,1,30.192549127013894,974.3964409814407
902.3549700556604,9.083292333711919,1.37325569026441,12.86249430602385,91.64755276352469,18,0,28.830700356485888,11674.828538092355
905.3971543051639,10.644597195004646,1.018824585429435,14.164584588716782,70.36590807152507,5,1,27.938297231219885,9952.648259625408
651.4463844096045,5.605784915886525,1.4313732766512157,13.354116577390942,60.439656788239596,13,1,18.55847580097657,5368.107967297005
372.0783014962656,3.181899670044867,0.5686130507187692,5.99622751430734,19.989052229213296,4,1,39.282155176456364,843.8881586677579
381.74909588202786,12.60178080639102,1.8073052092285644,8.658338954132327,50.23499894257829,2,0,12.63992220078865,8772.57597183476
739.6578949267274,6.48398051156486,1.9602334537660955,17.80218486434416,51.43224440817337,16,1,46.944748002063754,10102.942027849504
902.2547469549482,12.043526207029633,1.9533167829285372,18.754004817012774,87.8107248570403,9,1,44.69926025234804,21698.60337630599
892.7321030518615,3.932891590209844,1.624477747614387,9.12936233715949,59.19833981690096,9,0,16.874016283744908,5897.579264115476
790.8817685647426,10.141661935241531,0.695129360195948,10.83818777073006,44.23604940733687,6,1,36.47318849158319,5854.695309796002
659.9300638465734,11.119199218480132,1.6373947938935338,6.73746380986345,97.91202956595934,11,0,28.661159722479574,12339.780138187885
129.9329667452964,1.9846471996261112,0.5368803746882023,1.9701776732265754,19.96485339936841,1,1,16.88246509996173,105.69013834471691
203.54727838988308,7.395481285684491,0.5331853272934959,3.467055977572084,48.02935854807502,4,0,49.42608239977233,1039.3650166898194
903.6264791007253,3.5538788618405106,0.9854153287243119,12.841347022499361,13.782220765426477,13,0,1.2618672924132102,3149.7163648534997
626.1076066766104,2.2041244389825874,1.2329647856069985,9.433493909865422,76.59137086902373,13,1,12.632301531064332,1871.6290709966343
58.73719903579816,19.80924441540896,1.6556111267116898,1.2675302071921775,92.62688969792356,13,1,26.00370305555752,2255.8495855915194
146.3979657227305,7.124723054519737,1.5249430649097577,1.8661408743064347,35.20335965954405,2,1,26.097650173928194,1699.014273645971
680.3266806526531,16.387614471238063,1.1688540595651224,12.84549192344283,87.25075091192087,9,0,29.446653747278205,13333.009910502318
54.808504653907754,5.838172440511514,0.9104399994224988,0.7101821538678336,36.2996407415708,8,1,37.58380860114596,587.966136821608
202.76764884662373,13.948551722254656,1.9956867502365667,2.5662871543839265,91.96931454795237,7,1,31.17389152596482,5765.067726912376
571.2970998982568,15.444329337904044,1.1392719533539595,11.630288211630873,77.85657132371055,4,1,30.01407302640185,10140.433783503666
707.3004378080586,12.317136071549042,1.1770805364945132,16.19241317933991,82.44160991572947,18,1,2.6757231456521646,10338.000579460704
669.3631965274704,9.959947582453008,0.7454357317875038,7.7075000120917965,11.620590004040904,3,1,18.826514389464915,5040.172654163126
263.05584398753183,8.824977368798102,1.692214323124894,3.892048071073237,96.65293213666233,6,1,11.6027869850578,3922.8666520567167
726.5702602801591,7.62849706431691,1.540523338672233,16.70667138038512,75.40038928632909,12,1,13.268505580098772,8607.457555977167
275.3866331219601,18.66105374070869,0.8311544191831406,2.76237502556324,37.427598584752,12,0,27.716873717017243,4613.684458723692
359.12971325130434,16.781768747966854,0.623571568423764,8.262154912461261,84.64551983729622,8,1,9.97526574648042,3785.110224682588
759.166834862123,19.33551130266374,1.5207489531120697,9.291887323219962,35.3369078573437,1,1,14.697455050844876,22289.547376502596
667.1512540948539,3.36164724622535,1.4817668214217028,6.7374903914783495,88.54784556095152,4,1,11.854235425867005,3404.246047253203
856.7622399694691,14.88648202886924,0.9098892904973139,15.76356081972343,20.132235137074332,11,0,47.42514716090974,12186.676425713691
674.7322476853262,18.82846867959972,1.9262953433756156,13.901983605137346,73.33173797147163,3,1,47.23328660855476,24576.15788826199
589.893173168698,4.443428257147543,0.7265868376713503,12.475772919157569,58.66286289804193,13,0,30.497077929802586,2298.715629994714
138.99102943668785,2.2634290799687724,1.1485022015639028,2.388305281082192,18.688102317589674,17,1,46.226123436594996,1143.4463517840798
399.33001290646183,15.081292336511122,1.9154238802513983,8.669261486075717,31.770444543295508,10,1,39.29063227341866,11920.169149675627
301.94224929763914,11.914989150418325,1.1295909753891835,3.703464154891863,11.11636326495833,12,0,29.49739414009044,4419.858776361414
281.7901612101294,16.994746758407167,1.4577889214961284,6.442757596820161,52.189116891805526,15,1,0.3217605748397856,7023.933151257516
974.3600270148233,3.6556751558995004,1.0963915969441915,13.807914721366547,37.11387346840003,10,1,38.6258143039702,4257.8471150396035
423.44283843342237,16.110078925337916,0.911322803523005,4.24283721116613,63.852173586798294,14,1,35.124417079423445,6632.246496188582
897.4442274182576,4.830919080907146,1.9759664719397423,10.102006389876946,36.751402693775546,13,1,30.7626826641207,9051.17936501907
649.5816946973997,4.109462914448386,1.1140010094725645,8.445650153259267,36.99272003562862,5,1,38.02121558412359,3218.3269879329073
805.070738364566,4.121050160688866,1.8411488055187015,13.791310359589747,76.8873878858443,6,0,25.646108238738286,6207.142078419229
527.5052384499324,16.476919684396258,0.8449319088366293,6.812342644399285,14.33285523805181,2,1,35.20416356606695,7421.0520249783485
598.0586903950411,13.638747193227802,0.819657056037625,8.35015242384946,91.26054956727886,17,1,46.758604336324666,7531.186520191064
517.8918091279206,10.938243070613268,0.546701124326767,7.898906202504423,86.70374869520633,4,1,18.790250792304313,3209.580212972722
235.48083840814226,7.817779198346547,1.4775002380638276,4.921988502913438,70.10242149037659,14,1,35.40609174503127,3238.7711013594085
736.3295094984301,17.66681027544906,1.0527895155856417,7.900848869691376,63.389941309664586,10,1,23.784390900547937,13924.643671172913
316.733744318813,8.456457041030072,1.7965373747594555,4.7282811757354,90.3072248325687,3,1,33.719982590699075,4999.452235814075
73.10016810988114,16.515389349959964,1.2098148600373357,1.4145494516769481,26.6797161575843,3,1,38.14466677771821,1586.0594914382898
663.1986811118094,9.34356326283415,1.9522901418720826,10.685453734146625,17.107224597174575,15,0,2.272625021789798,12105.97831837088
218.2551454366965,8.161944159073244,0.7782882735546817,3.3656530431379736,31.55591529185843,6,1,32.330022197433095,1623.9659949696918
943.4356551352686,9.790915927722523,1.8029347519334162,10.523276385988035,81.51204508301713,17,1,11.337059220347228,16851.42006229032
956.232148152458,6.7261796091187,1.6648952791876126,11.381431249645333,13.120324005383498,12,1,33.50162689037834,11127.764845710133
919.1211707094261,15.204578223348772,1.656382766966078,10.66782003343066,62.45261515751407,11,1,23.416509296690673,23415.43933729819
401.65076524267215,10.551687411757104,1.7671748421753315,9.87782183411994,99.5893764572179,4,1,38.67763709324436,7669.001227201336
64.68378570242406,5.412041207789529,1.6415359864144983,0.995606317869172,87.01264844537855,6,0,6.1700407602798215,562.7520911373111
931.9026344583391,18.0919168922168,1.4393304824471231,13.529237117537296,56.93011201392305,1,1,31.316117582809756,24225.73601640918
456.7749409014486,8.293933206091017,0.6968673165235814,11.09982709120258,15.72768183579781,16,1,13.923536446377616,2934.5377656346527
968.3220780914861,11.327504361165783,0.5487892692368779,17.419375994921847,84.82361629471389,15,1,42.649099766529574,6671.705524712187
965.4389782347902,18.222970108326393,1.8812717717235303,11.276202009234366,63.90806573594895,17,0,46.41917528181537,33925.19424080913
860.3589826939921,12.86052192236585,1.424975471781107,17.839932686121,20.343969735361014,8,0,49.819914683952774,16077.448380131618
329.7264474661064,3.2210627734589172,1.6948059364642645,4.5720023878169105,18.44715563410206,12,0,39.80037012136417,2330.940435094859
415.842842171829,18.856810348656026,1.222283527268825,7.8591238174121845,91.86641374929332,10,1,37.686703521400226,9935.291886437522
858.579837941014,12.926453008356939,0.6759622834435917,21.08121496481339,70.22802366442706,15,0,10.775037943377551,7623.409011734427
351.07590489846376,7.363206678484636,0.6877786883038257,6.445060604336556,84.635811938508,9,1,16.800352949505438,1925.9729975437076
211.01810935178787,3.646169380604358,1.528347930843457,2.141176218860068,89.10810102540405,2,1,23.284127088113976,1173.5920154844262
578.9611993354326,16.086478596135624,1.145458842349194,6.572216652234191,61.459511684348996,5,0,38.66905238911249,10861.428828470134
939.3470354527419,12.781382362641757,0.8007870900505051,9.626962840329112,56.570171657953715,6,1,45.74829325389843,9882.045671309123
711.2283068412244,11.135760747550108,1.2373918201121552,10.26729534191864,48.73846692888912,7,1,9.45695500114923,9919.446162236372
591.5581115848967,17.983959077968194,0.5963134056127011,12.698693294205924,38.52519290120074,1,1,46.11837423350514,6465.699677880707
142.3176690822301,15.983347013266084,1.3729571028715981,1.952832268888518,49.11363647728406,7,1,34.7812326177029,3440.627364149616
634.2568653642113,3.881822714922272,0.9034901066526465,9.429556506705923,79.64916901571408,12,1,30.538536534251932,2477.6950221350216
990.5511575990502,6.922719288115417,1.6963386509557823,10.925828244904174,64.17310879136184,16,1,9.992063564096975,11745.430606668662
183.07981447469783,5.721293656474849,0.9655429383853606,3.9899748203947425,90.32709609593614,16,1,2.7762516404575277,942.0369035450093
542.4131697455499,15.134979558880863,1.1828302236227017,7.827654698398689,49.90420129412689,11,1,28.423244925396997,9963.319492046718
883.5044183315576,1.6371162599798081,0.517430809862151,18.029628039830307,64.63806208468786,4,0,32.57578416644462,846.2388644083779
753.7301868664943,11.827904012555013,0.6086703316918383,12.671875356467678,66.81767977827899,13,1,10.539072467734412,5583.861429638946
712.1649539455045,15.486715029073121,1.0887403346100273,8.453856958868704,63.2527446075693,7,1,27.82281029127282,12176.584348221275
717.3598797877538,17.65854709847324,1.2199082520756852,10.463076115079266,73.23703957769646,4,1,42.82467013812868,15599.923490145935
391.5165936587674,7.4995532256022415,1.4000308221789557,6.25892817413178,31.369012153732566,15,0,41.753297272751,4746.15753930928
328.9122520512687,16.603888788768245,0.9374938680639548,5.166006042944894,56.11273997912116,19,1,46.36775902931486,5915.384502357188
818.893097704588,3.1020030021489373,1.5424728291898138,12.119754431484893,19.38023225275129,9,0,18.294290477844022,4040.9220844175293
819.6077249452217,17.082593542955845,1.7901835957838068,9.409855160029757,44.60601948803313,11,1,15.902478627545936,25214.155840418454
873.7187026510985,3.4222845843076657,1.6697764833400246,9.342079046243134,53.8900361759138,8,1,37.471300299040436,5282.472421319929
917.5785249286478,8.548458520646978,0.5594282380225357,9.428460331172742,68.70018335909252,1,0,21.55562025485025,4413.492383787634
535.7752789178909,16.148611949811517,1.2207604208867435,6.143211305168691,95.54779473275832,8,1,4.377433201389031,10672.104164483042
526.4404799528396,3.848431119626702,0.6573952676272623,8.934165764162154,64.05859598935203,13,1,14.140056533524985,1561.1005844882018
808.3804200184364,5.355776509420188,0.8630675237937913,9.94463636608783,76.92345245589038,4,1,20.929114276574456,3781.905998288572
667.4657342388768,14.72279879946826,1.9799938899007197,10.074013612839353,55.56394535456825,8,1,14.625821273812601,19561.268220755937
716.8685333948182,14.680694194375413,0.7137433143522698,12.967898983668599,67.06936282386982,3,0,16.610278547366082,7544.884675714392
806.003035964296,13.18180502482065,1.248332230177034,8.910808045869784,16.383899452039607,9,0,14.688795308719538,13369.490773471824
895.505074726688,14.185020444874901,1.4272336014771787,21.16753995281591,32.89524227576623,2,1,2.074958359153972,18147.578462300524
371.095399008959,11.311764423604327,1.553697455816156,3.9433883601309656,42.56677838846248,2,1,31.854735041222128,6492.744249434356
406.80380500794683,5.784182119232103,1.339473025230371,6.009926594253423,52.524401950586224,13,0,29.864621017673464,3584.092381863202
139.28284284882557,7.56822387657447,0.5146562711287754,1.780379960783739,14.108387095214535,15,1,32.66917492393403,1117.2265551080916
599.3661339463653,4.450356619227088,0.9896919623659879,7.5333940133365775,22.60216877979859,12,1,9.615494801681374,2741.7913642783546
84.14516010690498,18.26056066533894,1.276567465077067,0.8979596213755525,34.91328770121752,4,1,14.782727080624264,2006.1568524631607
492.31811722583717,12.084444100556288,0.63179974871725,6.295613531461338,97.43794218109456,8,1,30.980796347246116,4014.522174943532
565.5124029721978,8.616176918509158,1.025940396813771,7.359991305407435,39.82123063927457,9,1,29.98137842299607,5319.75262623086
322.2141895218702,9.778110269238521,0.5498046631870499,7.323195820730907,53.383695230087426,5,1,25.31651546771339,1842.6076858756498
611.2915975405602,18.99838345262449,0.6178677457325311,8.597089609834248,27.648794146455366,18,1,17.52066250050987,7537.7084834308735
78.97523744209695,3.9136766592055237,1.0953849143023942,1.611406075622347,64.97020639681915,11,1,45.6465502387345,865.1022369836655
85.4807793117537,12.138366808319148,0.6990736310645905,1.014656515509201,35.26148939643769,15,0,16.98851211494219,1098.2649942886794
831.4705326266753,10.611884898804854,1.3513112723923373,11.755005822963259,28.62933205945841,9,0,22.78095782186258,12111.849436841338
392.1811093406997,12.617630473258309,1.5341974537058987,4.852905765825328,56.491536560138115,17,1,33.90569154771044,8069.413762248745
170.70748701929054,1.3440934925959698,1.7008800486636244,4.016611403798892,10.495521924437874,12,1,27.151071543338208,644.4274250033109
546.1310970520642,17.57035426993888,0.8002253663672152,12.11268850871805,10.68976293843028,7,1,17.34429881821928,7800.742537873648
781.4938754436803,18.710247367188636,0.7512238733886046,9.417925949301427,29.7161928191672,10,1,21.782239522825492,11253.56970186522
255.02997612200102,11.73753048819497,0.6568517605016004,5.753629554068923,13.304922625073903,10,1,39.724040892675305,2330.849541441233
641.7459520280503,14.236365653660952,1.454645374315455,14.494412221973366,19.722317871762222,13,1,13.906457774330622,13459.066615606474
131.0800917440796,18.52748824236862,1.5597135897303518,3.218544788800637,40.49745844048765,19,1,7.112761988840771,3957.281422421713
99.09763511017732,14.437534051954573,0.5473792172384631,1.0175331116255886,82.23271116218315,11,1,15.658160091488854,907.1275250386296
554.7868999897406,3.8982418153709655,1.9043183693655348,6.584968512561187,61.484377903237075,13,1,42.476710774395066,4640.090714535049
563.6033655296012,11.94947884316945,0.5779569254772086,9.209945047732733,56.14009533607748,8,1,4.449485742817333,3869.614487278926
655.5584064232962,12.527585881274263,1.3119445029516057,11.343384490218106,36.413994088730945,8,0,49.58480366862259,11230.018339415019
739.7867670365284,9.058482754745334,1.5635907791763746,12.131193076584879,93.85783474895348,4,1,27.050144946383124,10663.44652023301
977.0594754894079,14.992440476869733,1.8064536856191284,11.29820050798259,45.73135371134725,15,1,49.2422871983547,27121.51126274511
540.4853308861356,18.752973280611283,1.5711303981986418,6.783009030779361,17.838349011619435,11,1,46.94982110429888,16433.856082909195
356.8086492941837,18.58580174522875,1.7025921246046878,6.980953704118498,65.53598645060211,11,1,22.64068571054584,11610.277548319353
805.4268850302685,9.56594805667851,1.0091752888142091,15.965942635407368,20.245455412894128,1,1,9.924553730267455,7805.223647048336
307.2906386989705,3.15152287097435,1.7222376706197684,6.694239848612021,41.07008285215229,17,0,8.244238828256922,1783.5627121079542
467.0228496703543,19.711982780284355,0.6201722695770127,5.86578276871712,55.6670744846028,15,1,11.999468193497876,5811.956571244044
124.53356227515266,16.939063642472746,1.8422249840907914,1.4503859742728311,88.68002722166582,6,1,35.50663202822687,4156.82734759503
74.08320624468463,3.36859094286207,1.3213885642306042,1.3252149301273,54.41919223061068,15,0,13.647499736574392,552.4987245530923
964.5159939440288,18.495995769730072,1.7259466549437406,23.37841001840057,73.20328894284978,9,0,17.071263480214917,30870.334534845126
844.1811144865956,17.528030879180438,1.1784774267774503,18.788681882242837,99.35351550991633,14,1,22.438940199730737,17811.37297229376
711.1754957890131,10.85792308539537,1.4653665427947875,7.2515945556928925,21.834020790818347,18,0,45.661634021072814,12057.286778075693
438.5052971935564,12.234233279153656,1.28960399140417,7.59623187560597,34.72583729675676,17,0,9.469670894242304,7068.396769057079
214.6296040673035,8.581051373532475,1.5973842826329978,2.4912496987257047,45.511846803788174,18,0,0.2513276304901557,2933.271924895449
198.61519053753173,2.0404711376185953,0.6224449730458843,2.563444334043764,47.96453606849482,5,1,3.0048205189085078,348.20054929809146
287.7307532563656,7.368747591272117,0.5905281259858457,4.573224980025372,46.99189677389912,9,1,45.2383170840059,1646.1393090006447
571.7653314708144,16.25421552336222,0.8706548510152197,10.923802685922565,91.68499023008994,11,1,32.37582324216815,8434.417168797716
728.8661265650592,1.0880084370874543,0.7393170201697825,15.414911774332294,74.26293800201708,1,1,13.652030966390338,531.7857486375939
677.1875078818447,7.336484262131739,1.8076753498883025,8.805990326350534,64.71146926816334,18,1,8.859625050559556,9108.301741538013
315.9372020986457,8.565205178227924,0.8288209810370665,3.6533812535930887,37.84354460765039,6,1,14.713336831855717,2290.260319997424
957.1220166300344,11.210516455820535,1.963797883728697,12.171820207922284,84.14113457991652,2,1,5.7398463625640055,21044.44017984811
751.0020708609801,18.47725671184245,1.0053436876566604,10.456998696955639,95.95544603364901,15,1,47.07664551422205,14657.073421005138
576.6363498858307,7.580573892953264,0.7731768735330489,13.562465703621005,83.90784542952039,14,1,39.21030871826334,3806.972895772983
631.1347089226347,7.5921108360283265,1.6845477607137187,6.432973606451763,10.140859467232561,5,1,23.119558845627036,8111.840568484585
448.62005930640044,15.01252371408522,1.4880616632513142,5.102428454678843,67.27612331650664,6,0,43.248130255760096,10275.913021954342
285.3444400260996,9.592140876906337,1.2472935746797085,4.956536382773318,14.602184329789065,6,1,12.472910214661614,3494.822619913885
388.1740447186985,5.267491635859657,1.3330453264064468,3.9289578866464696,33.18464983003497,18,1,35.85602842360968,3359.4193613296875
769.9538049411507,9.596350806521174,1.5788026674083957,10.11594423146708,15.357223031299451,14,1,42.80662495068717,12262.6262083543
63.673814198268076,3.6762833872161975,0.8426821119969481,0.849603159281603,64.34159076544489,10,0,17.83843558116363,355.186069595868
160.26900848157044,4.351352743618243,1.994500874085113,1.888085748577888,71.79309221433462,14,1,37.873222272535884,1920.2388423323657
93.70250992066511,10.468987682050114,1.9621897432201747,1.0563243984230932,20.30388742593146,13,1,14.753617463215468,2138.354238753756
88.69236220302163,8.959583540586411,1.4754885295204052,1.1171910339446767,44.54549947404816,3,1,14.94285676295154,1238.6772422002177
862.6875548104568,18.382072120293902,0.7993136763937176,18.09109952575603,51.06128580599878,6,1,5.352858927709303,12673.173403487495
718.4749664110225,7.88548408321603,1.5203423636469369,11.91578821706019,43.214771958482494,8,1,22.002902325469936,8835.312450640204
500.46513763295894,12.031178655282826,0.6082976134687638,5.230339565160578,20.892250043667374,12,1,36.48559532487111,4108.355337335393
142.9424526184514,13.013021470471077,0.545978753308709,2.6729738352801853,47.70530111687279,13,1,47.011040278564245,1688.3365100985652
517.0350813609907,1.2487946751783392,0.8865243327668205,8.295121187140435,77.60602430275763,11,0,30.189849596454803,976.1347150509541
499.7981822415374,13.607210068317501,1.1939344351089745,7.581359369050052,16.39068980799299,12,1,43.15677688678695,8565.524564886364
214.54177641451443,4.382683370525277,1.8024087581125707,3.2327889906689906,17.21620126737131,1,1,41.124732464511354,1692.9218517165648
462.1590667760744,19.260336031919646,1.590753604649462,6.019547902320591,41.92941626523858,17,1,8.667152648764043,14347.855980254695
428.5794976775048,3.8245918273091464,1.6140597817999716,4.437350451009151,94.75531404570326,16,1,24.290871445631574,2951.0819266513604
635.0575931496056,8.877858350813451,1.138240001672113,11.664940562654643,70.17153820506226,11,1,5.846176776269574,6552.658554226744
653.3389683242616,2.6216436934942333,1.0189024888204443,13.815559895584595,71.08029610053083,13,1,34.10765807808175,2171.4040297379383
93.03880928344229,19.940610785072998,1.056558144476904,1.7944452563798137,42.572799175407845,18,1,47.494983412303796,2843.841573221484
405.88198389514764,10.54170519629361,1.9814743456040866,4.354233040276277,63.42947120876846,11,1,6.854472903937825,8547.690607011473
644.5669199285246,12.312315329080832,0.5601637871187237,8.185117206246689,10.911806562496905,12,1,36.69415654012707,4816.232489433018
527.9794456510833,2.274453070380122,1.8005472441836727,9.23777307982011,67.24864417685879,6,1,31.61190754339305,2404.661889729895
863.6653491289062,15.249248937584378,1.3680131128585902,9.708815857867375,92.1958252818613,9,0,29.180251850404986,18417.230255420065
675.7589500379978,4.988206268816129,1.1579231287843856,7.370666843141111,65.13161215103372,16,1,19.506011734416962,4189.50204016782
204.7877057273582,18.06303149937356,1.5878864906227048,2.2555982507751473,88.63287341197105,4,1,17.756582387690628,5928.63832640112
117.04031003040835,4.897653169158136,1.2300034121370542,1.2302473506214655,75.15757499194844,3,1,2.2624594509443927,579.3984568721979
660.2983142959998,4.623066692609665,1.810134857122491,11.976145223877287,20.850257476332125,16,1,10.895435412600673,5767.525467705266
75.18574501454071,1.6944436891138026,1.8510527960168877,0.8814012620345557,91.22079765572576,12,1,0.7588441143413449,290.5148402626306
606.4868022097901,9.969271957089985,1.1325813903101831,8.96740427219131,15.97994599201974,11,1,29.070855279101025,7080.959911993933
943.2187293537097,11.731981531989712,0.9152416958525773,10.420013633318902,58.05707252929874,5,1,5.292661793895443,10051.12321257085
596.700468982085,2.248464149138695,1.3885254928900435,7.128233858612112,22.79234114141119,18,0,43.650969701485806,2551.184464900877
418.7614298961958,15.735024717205201,1.8685450184250365,4.836316893625914,11.053594965781366,19,0,26.157151034858263,12841.50124168172
661.1238075202356,9.612487860212525,0.8159932835084999,8.329673944220298,47.98308341148751,6,0,34.98449545293542,5432.830232386223
485.3402459669408,10.96341511722402,1.4344498753452242,9.58304446766626,36.55366368887406,18,1,20.542854592024824,7956.293235648068
568.3359498501381,9.374492191826334,1.4473403301387808,7.817377217879489,53.74004444178427,6,1,28.028990450052433,7904.3649332408495
944.3915683376989,8.614498156631193,1.5996695336229214,9.531588726127062,61.947989806109575,4,1,47.132958848331526,13210.52227497401
416.79750591073554,11.63316629485614,0.6973515276908897,4.330665877473495,13.936516507805262,12,1,4.136701981183538,3412.5076460377813
963.1310356327185,3.949564672683538,1.573737447023133,22.613793004031418,21.070296561137106,19,1,12.696888596184808,6276.166632157367
910.0831098582605,4.456634479410152,1.8635487809984614,18.24220040025522,60.27781568053828,2,0,38.999416345527216,7576.134026776043
236.0015780498316,17.37392679925683,0.769524663305363,4.926580785038825,40.885061785539236,17,1,4.936860344133293,3296.565664763503
115.89323583140718,18.97619378053902,0.8563149873858165,1.3869663437274005,75.62561387945031,11,1,3.7830551952055425,1888.4061544909455
145.73910130855532,8.092877009315306,1.9570926410624594,1.6362839805514855,68.70624837327458,11,0,18.07706993770193,2596.21482270258
67.31073436897225,6.144148789727522,0.7714654290642347,1.2745666567266938,86.10439266909161,16,0,4.608397923621616,342.52183762433646
139.72081271813198,13.235991321541299,1.7815776400543686,1.9860484117947124,72.32435440023028,2,0,29.253922110310153,3335.6782055597014
698.856434745539,8.765949250863832,1.2384167846720522,7.72710721655323,48.69379696511333,2,0,11.313762540829991,7612.271533512907
117.62921603721753,1.4823407575465524,0.8708466116047655,1.4008799327755221,70.56699601549892,8,1,44.78489815996862,512.7416590948969
353.02684877907325,3.966899349957617,1.8061248519087671,4.867037775699221,34.784305682987664,13,0,39.175004042262835,3063.153413289582
852.6315454209819,14.603472348100553,1.1679578825039982,11.304982855974073,37.568214890039144,10,1,34.98526030497381,14828.257298854342
72.10833894903458,13.519554896292876,1.2722260308945352,1.0227896301107577,81.0086643928714,8,1,30.847201369225097,1485.1703487372079
823.745058459489,1.5148238575661863,1.0388500540996486,14.238611334306823,50.1777564761424,4,1,43.173286517073166,1475.9066097193027
317.76203603472993,5.2174710767260395,1.389426277152391,4.299815454947553,81.85423064665173,15,1,11.153103077137844,2444.4592345681845
162.25658624057343,5.390421135173357,0.7452858088775342,1.9949633062780412,84.01801363014506,1,1,43.655442138211384,715.7086925956158
711.9003070959432,13.76596212837584,1.0866223049776411,7.704600896580441,87.18061038951554,11,1,39.474614921202615,11015.792888670954
647.4957044408898,1.374500217332919,1.9541184835029313,8.282381245609983,92.49717122570866,7,1,37.408041319384274,1984.6657986593095
883.5984128507004,2.978063057706903,0.8872001490516913,10.314303042926174,48.78866984619666,17,0,28.0627839037462,2773.997053476254
748.3174916136915,16.198405622090597,1.4851049968119383,15.085738944359933,38.698013648902496,18,1,12.312208048530005,18207.223063476453
813.3068838656061,4.392348579032339,0.9877850963370423,12.014558311117273,62.39788719347025,12,0,21.177395799594816,3855.1722239978217
317.93284394274116,13.40217604918562,1.660209688529901,7.838600834127902,43.405518109386485,9,1,39.67853272694008,7504.569692910011
218.56756659073667,5.525472839887804,0.6963104910775247,3.9884059779357504,64.09667501202097,5,0,1.5889242178662222,912.3920712275133
763.0840140588155,2.889386462427558,1.954731567617817,9.129142057053912,73.50272763794422,10,1,39.10253846318791,4677.791900870774
816.4930023039008,5.620271628989627,1.1806843120754589,8.205250865305526,71.95645166429232,4,1,12.003537024378325,5511.452008362736
990.9798849006396,14.723071705257524,0.8540756950196959,21.56616084980254,43.70975983181092,5,1,7.2154600360801515,12502.888607039453
441.9867930658552,17.25823289401943,0.610245120995019,6.896382353963017,25.017418152887753,10,1,5.785065909015108,4715.025621997081
403.41718150314404,16.77417742677284,0.7546368576313112,4.584064340888135,48.74764046159868,11,1,1.3625005975407556,5117.740549468008
787.592312704897,8.546487062750643,1.2796609228340265,15.075805502695841,22.833472967371787,10,0,26.179324261072644,8963.300571463273
373.76336324036697,13.693617594842276,1.0055047646469295,5.098736360089865,90.10873316654275,8,1,10.912993634686474,5301.9427819357015
934.2194593233864,4.894701612900598,1.7433250488239143,11.123742255345446,41.128971466407165,2,1,49.47158828898158,8107.934893202149
865.4921142508612,6.5698068749592515,1.146331285492709,11.246126974326266,23.90137725009914,8,1,28.721837793610288,6739.4323664509275
457.54432600626745,18.030380551901274,0.8730714088814449,8.92221304125923,12.29029839151758,16,1,6.894263467800521,7314.861986091274
763.3275144019225,1.2470365467039848,1.425717479906045,12.447639413737823,68.12401476578358,5,1,34.43812704056827,1555.8555958990949
766.8157303804483,2.6246620862348937,1.5601658253281687,8.811188050823807,67.3212085709269,3,1,44.88717832548627,3248.62102724121
147.967675394136,4.949838847774519,0.7505628618514248,2.019937503150201,40.65437499231625,12,1,37.25897476848072,1043.7478430395915
907.4252613455883,1.5041118736025747,0.7514288244324765,22.509060998287367,16.45406999628859,13,0,3.8219930519723833,1029.2256449326055
529.9897538254643,4.447273266706149,0.5550071404003145,6.1871723556314375,46.86660054057088,13,0,44.794209059632976,1910.0738735827567
835.1345928023545,12.077789658424152,1.6046030225984609,19.82812773564806,38.00957455570543,10,0,39.69646929299824,16467.435588228615
354.04712097908117,9.00706646125746,1.4957067914327076,4.177841597379013,70.94085757615085,4,1,7.915195005280717,4773.8280530991515
900.7470670713905,17.960762510462523,1.2119463136247208,17.272621547189225,64.52013245074212,9,1,2.5892944366408432,19734.1811970467
419.741594797455,16.53142767303038,1.7662556734537957,4.305730525870654,42.8134355377786,2,1,27.865528765715425,12363.461254517391
60.29576890628344,7.494529682259643,1.7085052294250798,0.9713147850267425,29.61032988294911,19,1,7.801790566998845,997.0611886703219
910.1128775983004,5.9290452351945575,1.3780315465951283,15.266278353561953,98.92323695400327,1,1,41.7295476297636,7444.36077218696
136.72234294682687,8.214155755178071,1.8024069207698878,2.7940562028322264,50.860145907650335,7,1,17.916732833583687,2154.81440111441
353.3479557108941,12.215603907781347,0.8087618150551523,6.057090367776048,71.94468122022133,17,1,45.644622236828766,4330.964261917519
952.5588686982646,6.093209175634649,0.6678794290965918,10.286918848868476,22.64976708205247,3,0,28.28440860705029,3992.9739754085685
953.0767895906783,12.858829249133546,0.9046244172754845,9.551776047537034,53.703072969345804,3,0,9.133619211983406,11139.410002851031
594.7659937171218,8.778821391633567,0.5856302841339722,9.577772502424171,12.478304788251894,3,1,6.979943367990005,3160.2463499379996
650.2453515613093,11.488896436187625,1.296754292001548,9.71724480462134,55.490960611940494,17,1,28.823621877887696,10125.51338545484
476.02324587940376,9.286404053571017,1.9049085384424422,5.712901225428264,96.76156664059322,7,1,38.094180593122196,8678.179753566628
328.5502331131613,6.594849431296436,0.5590153110027645,3.5262860716781383,44.57860416872202,14,1,39.075282387109105,1670.5901289989893
362.2313181014202,19.020612832280978,0.6831648710150402,4.7925187848113495,13.509641131742043,17,1,13.787870222064063,4886.549941622311
688.8925332731865,15.508510089035456,1.1782985424251529,10.850146535414678,12.786021182740917,18,0,10.212337945608374,12826.115722761388
764.755802965796,3.6621503395625985,1.9008125262918574,11.809567099693552,44.91880839521826,13,0,0.8378152246191206,5288.536111633555
802.0000915395561,17.500891542060344,0.9742341574651258,9.811948326199202,24.402244281687466,18,1,33.95995756005847,14322.130003280556
800.1372356548262,10.26119276674076,1.2608522130325888,19.90733033635091,12.101688669536731,4,1,3.828412921676949,10450.291524412942
136.64579789625583,17.996492310987737,0.5623592885755881,1.7705884035769326,78.05922525551591,1,1,21.03806008829629,1395.0642128181373
519.6992894674524,16.197249862998987,0.7225148014431333,8.47387645828858,51.26707079937016,18,1,30.084108200914805,6649.419418307669
104.68082201581207,9.079056584915435,1.9799451844382703,1.1942798024908123,36.032029477538906,1,1,46.855447245983854,1965.7671075882788
572.0524382075488,1.4269168580822305,1.9476780446540682,12.550668863457021,91.00748647148326,13,1,15.590106847788432,1731.4302626154763
469.4539763047082,6.1048698283139755,0.5074099714016145,6.235099721427928,20.452506418047307,10,1,12.488608122325989,1548.2778194893478
893.3189736203848,11.291050078556472,1.9277176781348584,12.973280221414955,96.03269460597873,11,1,32.70800771430492,19753.54724946591
383.36926192447476,13.036086176696799,1.4586799067232505,4.881226744513463,38.25700456396176,9,1,30.961951602679083,7541.770779383777
161.21366560622556,5.899866023230843,1.8018774417800332,3.673028034176093,89.95633050778132,9,1,16.60548916540623,1899.0908962860606
185.84209795019407,3.6477654073836585,1.1821097834507888,2.484552337021305,64.26485888315153,5,1,46.405091775489325,1003.6277460466814
773.4351001315986,16.863674499186683,1.2733940428688753,10.495926257972833,84.40366237673388,1,0,42.24311637448164,16649.310186931438
637.307160150448,19.70364143336749,1.2332698703853802,8.654407562282884,98.56118468894178,17,1,11.199127293254058,15624.767007031507
146.06654231665073,10.98811346375103,1.5002963863191565,1.916650841705129,35.956489403687115,2,1,11.95712727172616,2493.2046718995716
129.90146580924755,4.261906431117767,0.7094768821344694,1.6119191806084647,96.50219368668337,13,1,25.61501734435403,698.5259170302701
715.920674886164,6.17383920386801,0.544960384809017,8.107882516918709,45.05337054121783,9,1,38.67860508653602,2832.970000619121
119.12485604598385,1.349422854401868,0.9618949123867864,2.1200651449541943,44.69607142632301,4,1,2.2020189694232197,166.4789485083135
830.7670563258384,18.371677324649482,1.55702114410497,9.282006020005712,40.63483938290551,5,1,34.66675768673533,23867.15026394442
720.9301157986714,3.2372705749126816,0.8027801781844226,10.31442305232881,58.72668466128267,11,1,32.411794869104845,2221.543593906825
127.28134160980477,11.953813034770818,1.510148649987376,2.8523390340390273,23.873053886063836,19,0,11.574004795649412,2464.454434539235
130.59582838093232,6.207049193056914,1.9548680691609057,3.0013021635928205,59.834033682221005,3,1,34.067650662067436,1716.3152752077942
987.3075995761167,11.529382047800075,0.6408510736841275,16.44024847537213,58.75343311690036,12,1,47.00915956260413,7845.879356062406
405.5572559683143,13.37698737868542,1.5089031773376895,4.65655614098932,78.5711631344383,19,1,2.3392922485884258,8238.60943981222
402.11003971354637,16.765094270436833,1.1656253289568568,4.876374789290478,85.0284965743827,19,1,15.982602764603126,8143.163219773885
822.1595888946274,4.9220041634514615,1.802213381566258,9.415813076883266,49.639721528118166,13,1,21.908835833317763,7550.015837094413
949.8861485146658,1.2089207445111292,0.7657246841710789,13.371871039598583,37.20999244163444,7,1,44.96301794623448,1145.3700652857694
986.7010106317274,3.600826971307338,1.5389389283392467,14.857283380884203,33.3401407585385,15,1,48.11307233045783,6231.264310279958
765.7092759959945,18.100354195113997,1.7571729344721654,15.675617735686618,27.516145303438474,7,1,22.205762324816614,24500.512684631634
407.44660625436995,17.60391147368779,1.9169213292110348,6.8258656776073705,15.18828239791224,8,0,37.50142060710956,14033.69023443597
129.32568086373533,12.350848941235858,1.5248720424344686,1.9582587132800013,40.8203180951242,5,1,26.58305118822415,2558.655148279376
788.2895701310649,12.409820348239414,1.245762146012641,17.39538180034878,34.322292291770495,14,1,26.889146737068824,12529.21295727031
580.4840372490148,13.635696816378854,1.4267708603018208,10.903828563945066,96.97756472797666,4,1,13.904975753317823,11333.377912516728
453.0109087846275,4.332054293845542,1.8033574767180773,5.9690329668292845,60.19379436250395,10,0,10.847812293193975,3657.790688398327
911.0366658399992,18.373826972574236,1.3559146199582446,10.827655974658363,41.25493351274568,15,1,14.400267296202058,22861.26392986163
155.63760819084376,8.95663997294939,0.5455805895452552,1.5579207496821599,62.24208408943264,18,1,27.816400362853965,1216.761505345757
517.9938490763161,8.279632036740452,1.8964230432604667,5.396511288224911,22.527703121112594,13,0,1.4577593011044498,8221.241317540997
60.78596252904811,10.859436400373912,1.5342901265473416,0.7738120356199265,49.963937428198264,8,1,45.36244721782029,1357.5486491915779
495.22760989441997,1.8923533687260459,1.5147700786658698,7.586801931072501,66.36108892789574,9,1,7.814185477488811,1462.3097974191537
103.48811189774548,4.159384006365508,0.8235127285965758,1.3238744035556052,54.000804861320624,16,1,11.004433843569327,463.35577792463164
162.87702045466833,15.022638712101038,1.488328205348986,1.8691612135496127,46.160092058889184,19,1,25.913808822382318,4176.601153936617
161.64993443824963,2.573174690577403,1.0907966084812377,3.4320455625370228,99.44635500097283,16,1,35.50573831686397,969.0162113288384
666.7497870102604,12.459890079861376,1.4768494655622382,10.32211596571714,89.22832859340343,7,1,4.786452737219865,12301.85806891236
758.7426353021522,5.661633083945098,0.6598895454619861,8.394272294190467,66.10653623434962,14,1,15.88473487735811,2971.6793408927624
604.2003268423016,8.396616666797554,1.486767956904554,9.585920136548697,61.24396250640545,14,0,48.43373027871786,8261.709354671853
964.0639210508148,6.485180998643298,1.999120588656,12.973134332649167,65.85944318421257,4,0,13.117148339047285,12610.071256903368
406.1270505475189,7.757781612834034,0.572318058290834,5.395878328786464,28.118089704018992,15,1,15.652507253157344,2062.1846349252196
321.4264819677677,14.661872198500664,1.965761276331976,6.294017030715601,45.56239689378867,3,0,41.824924530901676,9312.821454306179
875.1691717799872,6.645312596840325,1.110361941084306,14.17642431196005,13.551357960180939,5,1,2.510721584522763,6512.104403174416
262.41604659348,11.761688165641047,1.8061301755058887,4.368454931444285,52.7991433738144,1,1,23.230658440448543,5556.404001097119
965.0614124685808,10.044957641782894,1.6735782260874101,23.214326879181527,58.87221255618969,3,1,18.98083822258351,16222.062934680236
61.54675095532552,13.609752141890315,1.3505243914800018,1.484789266825931,30.497476249288862,15,1,15.829337995432557,1349.5149014536464
971.384885372257,18.799765047170403,1.6076738138769897,10.804952080585007,96.76259624489623,8,1,14.284979702238227,29453.141351241906
91.0019163530473,14.918869846994756,1.817773341952022,1.6139599021929698,91.85091498435177,4,1,4.56870524302046,2460.9146331214138
896.5859580131676,5.083867193224378,1.1062104824765495,12.612919944812823,74.99289119103153,2,1,15.74129146758244,5137.410775806022
551.3160536319849,1.5924795661644087,0.990549742344858,9.517997463326553,58.004796588882634,10,0,2.1526201357834287,991.780107129886
993.3165563133354,5.983016841696677,1.501390078345377,10.299759259785807,88.29722436829165,4,1,39.048193182221766,9010.541751071489
120.10673649862892,12.306480683304843,1.7117689129118878,2.161833703629026,21.758710944111662,3,1,19.91138969790058,2555.4431718841906
576.1615701812548,1.9770904562007567,1.6434277021649235,8.758995877348699,81.14588148473965,2,1,22.19519161599558,1923.5949845454188
970.837408838144,10.43095869682349,1.6967204732879517,10.511014606017786,21.23387325701635,17,1,44.67972932250658,17922.408929864283
546.9429519616414,12.340014129420895,1.1533749722193996,6.042499307539892,81.47895962944649,13,0,32.902749193061034,8232.160640621247
647.9287062284994,7.3506339255222555,1.7267513242625325,12.663245689644565,34.819081142622125,5,1,0.40295516710598944,8271.789660538816
710.9612545353863,15.647331871170616,0.6803135830559126,8.064570738698615,88.93815229163701,9,1,47.15874114806425,8030.14522228947
481.8140115293846,3.0253668095416644,1.3167336469412743,7.138914662433065,94.96378844428581,6,1,11.857223298885561,2020.985409418719
646.1801760798603,2.4276178529803665,0.5086379907471823,9.367898989119578,23.391637246460405,5,1,5.380709237992942,907.7478187247553
605.0985963269452,14.835586367868464,0.9868787448504055,12.603910474474755,51.640804455885416,10,1,38.40640891904411,9163.819803032602
906.1001099664395,10.41433500791777,1.0496923023070968,20.209168401732548,98.28886403464166,8,1,25.023865793335908,10179.544398871381
93.17406132438498,14.079645532126985,1.0942590374138832,1.1135052132463217,53.506669237583196,7,1,21.688528300900877,1566.682321964564
316.9150301126188,9.261719433471178,1.5432008100347931,4.541132180111577,87.71927702630906,7,1,12.475153984137089,4656.151549873054
952.8909098727308,5.681638631543029,1.0828371519055187,14.39172196707786,62.985836991818786,6,1,27.37357449311593,5975.218773933153
895.7505946963705,16.562944035809792,1.1730404339337959,10.692912921100136,43.77969171276417,3,0,13.719230260129372,17399.273915631373
482.8739151464273,16.188901700410604,0.8563161963114911,5.61933627511123,35.72051999732832,19,1,45.07915026435338,7583.6032730542365
639.12596791146,14.199232946234108,1.0598776874440101,12.902645553335082,28.290078197747853,15,1,10.76022398665964,9683.461270552858
313.51212383207604,6.170757607369291,0.8409044408947273,4.092125893363395,78.56183722399275,4,1,44.21775752278768,1853.1630234208528
228.71510173757324,12.214382670512656,0.6097938856526655,4.752892449865254,44.78864561407251,12,1,27.970271286367847,2102.1700295137757
490.51348469298307,7.858504041860509,1.4051728900720668,5.765150940966204,56.0147915980676,6,1,41.42440669476205,5673.958716477408
385.68461662475016,2.7400593932060486,1.5023191978325243,4.856430161825235,54.309293200106374,19,1,35.64229979304775,2271.9408081291317
604.4733062583284,18.428957933782613,1.4292355190144217,6.206290419492763,61.95511263098181,4,1,34.83475557183743,16019.073820093552
123.84790511673559,3.5995539874602667,1.1952410657008585,2.805957711292308,87.9019431062097,15,1,16.217290384752786,809.8169710492723
975.6750672828582,19.054509722595245,1.0696786702688448,22.46893817855787,98.26654092250864,9,0,11.694846573610175,20009.043796749225
986.9002072556227,9.474109686201158,1.795000474357738,17.334954873045536,46.68257877164353,5,0,10.544311384039407,16789.902181473837
